{
    "name": "IBM-Tncpplugin",
     "id": "jayrajedake-IBmTNCP-datasource",
    "type": "datasource",
    "annotations": true,
    "metrics": true,
    "logs": true,
    "info": {
        "author": {
            "name": "IBM"
        },
        "description": "Load JSON data over your arbitrary HTTP backend",
        "keywords": ["json", "api"],
        "logos": {
            "small": "img/json-logo.svg",
            "large": "img/json-logo.svg"
        },        
        "links": [
            {
                "name": "GitHub",
                "url": "https://github.com/Jayraj-Edake/tncp-grafana-json-datasource"
            },
            {
                "name": "MIT License",
                "url": "https://github.com/Jayraj-Edake/tncp-grafana-json-datasource/blob/tncp-grafana-json-datasource/LICENSE"
            }
        ],
        "version": "0.3.0",
        "updated": "2022-02-23"
    },
    "dependencies": {
        "grafanaDependency": ">=8.0.0",
        "plugins": [ ]
    }
}
