{
    "name": "IBM-TNCP",
     "id": "TNCP",
    "type": "datasource",
    "annotations": true,
    "metrics": true,
    "logs": true,
    "info": {
        "author": {
            "name": "IBM"
        },
        "description": "Load JSON data over your arbitrary HTTP backend",
        "keywords": ["json", "api"],
        
        "links": [
            {
                "name": "GitHub",
                "url": "https://github.com/simPod/grafana-json-datasource"
            },
            {
                "name": "MIT License",
                "url": "https://github.com/simPod/grafana-json-datasource/blob/master/LICENSE"
            }
        ],
        "version": "0.3.0",
        "updated": "2022-02-21"
    },
    "dependencies": {
        "grafanaDependency": ">=8.0.0",
        "plugins": [ ]
    }
}
